roll_number,a_r,b_r,mu_hat,lambda_hat,c_hat,n_samples
102303881,0.05,0.6,25.305371201994745,0.001953864132835833,0.024938610020238998,415688
